Customer_ID,recency,frequency,SalesLineTotal_sum,SalesLineTotal_mean,transactions_last_month,transactions_last_2weeks,sales_value_last_2weeks,sales_90_flag,sales_90_value,prediction_label
14847.0,-109,13,304.8,23.446154,0.0,0.0,0.0,1.0,734.75,706.28125
15777.0,-113,1,9.3,9.3,0.0,0.0,0.0,1.0,706.2,704.22943
13299.0,-73,21,351.18,16.722857,0.0,0.0,0.0,1.0,725.02,687.75165
16586.0,-180,6,328.05,54.675,0.0,0.0,0.0,1.0,670.78,668.2589
13800.0,-281,19,478.7,25.194736,0.0,0.0,0.0,1.0,642.54,641.6481
12388.0,-127,26,461.62,17.754616,0.0,0.0,0.0,1.0,658.83,631.73425
13803.0,-163,26,433.53,16.67423,0.0,0.0,0.0,1.0,628.31,626.75287
15084.0,-190,12,349.4,29.116667,0.0,0.0,0.0,1.0,615.8,611.32733
16677.0,-196,19,263.23,13.854211,0.0,0.0,0.0,1.0,617.39,610.9396
15734.0,-92,10,310.65,31.065,0.0,0.0,0.0,1.0,613.2,594.0017
16340.0,-96,99,373.53,3.7730303,0.0,0.0,0.0,1.0,603.46,592.4068
13300.0,-118,17,314.98,18.528234,0.0,0.0,0.0,1.0,598.64,569.4378
17193.0,-282,1,45.0,45.0,0.0,0.0,0.0,1.0,565.74,562.6571
16568.0,-185,2,477.3,238.65,0.0,0.0,0.0,1.0,543.6,546.7232
15471.0,-95,20,269.25,13.4625,0.0,0.0,0.0,1.0,577.83,544.1246
15210.0,-120,17,301.92,17.76,0.0,0.0,0.0,1.0,543.09,542.5575
14865.0,-282,1,31.2,31.2,0.0,0.0,0.0,1.0,46.32,541.21765
14687.0,-96,10,311.66,31.166,0.0,0.0,0.0,1.0,462.02,539.7716
14894.0,-282,3,299.7,99.9,0.0,0.0,0.0,1.0,537.36,535.9253
14375.0,-86,66,345.0,5.2272725,0.0,0.0,0.0,1.0,530.31,520.4537
14794.0,-31,9,121.59,13.51,0.0,0.0,0.0,1.0,512.4,510.3888
15807.0,-210,17,401.94,23.64353,0.0,0.0,0.0,1.0,511.68,495.7016
16972.0,-1,36,292.8,8.133333,1.0,1.0,19.0,1.0,493.45,492.92224
15824.0,-76,10,394.8,39.48,0.0,0.0,0.0,1.0,496.14,486.91913
14838.0,-281,4,119.1,29.775,0.0,0.0,0.0,1.0,654.57,482.4579
12639.0,-172,14,213.58,15.255714,0.0,0.0,0.0,1.0,492.69,479.85193
18074.0,-50,30,529.84,17.661333,0.0,0.0,0.0,1.0,489.6,478.52356
16679.0,-91,6,187.15,31.191668,0.0,0.0,0.0,1.0,476.16,473.58847
13541.0,-114,2,310.35,155.175,0.0,0.0,0.0,1.0,474.9,472.91882
15105.0,-171,20,330.38,16.519,0.0,0.0,0.0,1.0,465.6,471.65533
12670.0,-211,7,207.6,29.657143,0.0,0.0,0.0,1.0,484.64,467.84982
12923.0,-119,17,426.2,25.07059,0.0,0.0,0.0,1.0,186.7,459.19092
12635.0,-1,48,659.33,13.736042,1.0,1.0,19.0,1.0,455.9,454.924
15074.0,-12,22,359.66,16.348183,1.0,1.0,12.0,1.0,457.8,454.81363
12494.0,-121,19,290.87,15.308948,0.0,0.0,0.0,1.0,227.9,449.55652
16121.0,-110,32,155.67,4.8646874,0.0,0.0,0.0,1.0,454.31,448.48175
14902.0,-98,24,398.4,16.6,0.0,0.0,0.0,1.0,304.56,448.2758
12696.0,-53,20,277.15,13.8575,0.0,0.0,0.0,1.0,454.76,446.67596
12648.0,-185,16,292.8,18.3,0.0,0.0,0.0,1.0,446.15,444.89993
13959.0,-55,10,43.25,4.325,0.0,0.0,0.0,1.0,434.73,434.38507
16384.0,-135,20,319.75,15.9875,0.0,0.0,0.0,1.0,454.7,429.06586
13513.0,-199,13,299.64,23.04923,0.0,0.0,0.0,1.0,319.85,426.13986
12874.0,-99,25,459.26,18.3704,0.0,0.0,0.0,1.0,414.16,423.02377
13406.0,-176,2,140.16,70.08,0.0,0.0,0.0,1.0,428.76,421.92642
15587.0,-36,2,182.16,91.08,0.0,0.0,0.0,1.0,426.24,421.69193
18141.0,-133,22,458.27,20.830454,0.0,0.0,0.0,1.0,424.2,419.03647
16441.0,-171,22,225.74,10.260909,0.0,0.0,0.0,1.0,421.54,411.3258
14087.0,-279,65,236.69,3.6413846,0.0,0.0,0.0,1.0,415.11,410.1899
16872.0,-7,4,115.45,28.8625,1.0,1.0,3.0,1.0,417.66,409.1946
17624.0,-264,22,316.83,14.401363,0.0,0.0,0.0,1.0,408.32,409.1841
14157.0,-190,9,152.85,16.983334,0.0,0.0,0.0,1.0,417.05,408.6833
18063.0,-178,1,102.0,102.0,0.0,0.0,0.0,1.0,84.6,405.04102
13439.0,-71,51,284.28,5.5741177,0.0,0.0,0.0,1.0,418.62,403.99518
14423.0,-239,1,244.8,244.8,0.0,0.0,0.0,1.0,406.61,402.64264
17325.0,-186,8,101.9,12.7375,0.0,0.0,0.0,1.0,410.87,402.40402
15207.0,-91,11,408.0,37.090908,0.0,0.0,0.0,1.0,275.92,402.0415
12842.0,-282,3,397.2,132.4,0.0,0.0,0.0,1.0,401.8,401.86194
13208.0,-77,59,361.24,6.1227117,0.0,0.0,0.0,1.0,403.36,397.29822
14075.0,-15,19,359.39,18.915262,1.0,0.0,0.0,1.0,423.22,395.3075
16961.0,-77,9,162.05,18.005556,0.0,0.0,0.0,1.0,398.34,394.93585
12379.0,-79,17,322.48,18.969412,0.0,0.0,0.0,1.0,370.5,393.72565
15814.0,-148,9,294.08,32.675556,0.0,0.0,0.0,1.0,395.03,392.01556
17886.0,-14,40,308.98,7.7245,1.0,0.0,0.0,1.0,399.79,388.2814
15900.0,-107,18,136.22,7.5677776,0.0,0.0,0.0,1.0,413.07,388.23907
14665.0,-137,12,279.6,23.3,0.0,0.0,0.0,1.0,634.35,385.7534
13809.0,-5,9,127.05,14.116667,1.0,1.0,6.0,1.0,397.6,385.34805
16948.0,-80,21,394.85,18.802382,0.0,0.0,0.0,1.0,38.9,384.1299
12423.0,-10,12,262.8,21.9,1.0,1.0,7.0,1.0,404.28,384.0679
13729.0,-228,20,357.88,17.894,0.0,0.0,0.0,1.0,366.85,377.60727
13320.0,-23,22,306.6,13.936363,1.0,0.0,0.0,1.0,372.8,376.12775
12958.0,-127,12,166.89,13.9075,0.0,0.0,0.0,1.0,372.6,372.20712
16601.0,-168,2,67.25,33.625,0.0,0.0,0.0,1.0,372.2,370.98935
16021.0,-89,34,151.39,4.452647,0.0,0.0,0.0,1.0,380.86,369.61078
16614.0,-122,10,293.15,29.315,0.0,0.0,0.0,1.0,380.45,368.8523
16385.0,-176,23,110.26,4.793913,0.0,0.0,0.0,1.0,364.46,365.96158
15994.0,-180,39,404.16,10.363077,0.0,0.0,0.0,1.0,370.95,364.78485
15691.0,-134,10,359.5,35.95,0.0,0.0,0.0,1.0,75.0,364.27356
17041.0,-145,25,220.41,8.8164,0.0,0.0,0.0,1.0,384.3,357.8685
15847.0,-186,6,80.62,13.4366665,0.0,0.0,0.0,1.0,352.68,354.87
13897.0,-222,23,482.67,20.985653,0.0,0.0,0.0,1.0,366.89,353.19293
17205.0,-108,12,274.95,22.9125,0.0,0.0,0.0,1.0,340.32,351.1051
17335.0,-229,23,154.77,6.7291303,0.0,0.0,0.0,1.0,353.23,350.79416
13605.0,-115,17,169.89,9.993529,0.0,0.0,0.0,1.0,352.78,350.21344
14940.0,-277,10,182.01,18.201,0.0,0.0,0.0,1.0,349.48,348.3953
16392.0,-106,32,192.29,6.0090623,0.0,0.0,0.0,1.0,348.32,345.05276
14324.0,-238,23,361.81,15.730869,0.0,0.0,0.0,1.0,339.8,339.4993
15636.0,-114,18,388.94,21.607779,0.0,0.0,0.0,1.0,330.88,338.6467
12450.0,-19,11,148.42,13.492727,1.0,0.0,0.0,1.0,341.9,338.28137
13733.0,-279,10,149.1,14.91,0.0,0.0,0.0,1.0,337.93,336.89188
17123.0,-117,17,206.86,12.168235,0.0,0.0,0.0,1.0,414.51,336.3867
17530.0,-126,99,455.87,4.6047473,0.0,0.0,0.0,1.0,300.64,336.05087
13103.0,-122,6,123.34,20.556667,0.0,0.0,0.0,1.0,342.36,334.96906
18154.0,-35,16,189.3,11.83125,0.0,0.0,0.0,1.0,344.11,332.80524
17413.0,-114,2,219.84,109.92,0.0,0.0,0.0,1.0,340.3,331.14218
14611.0,-143,19,291.4,15.336843,0.0,0.0,0.0,1.0,312.93,329.89395
16330.0,-207,17,51.43,3.025294,0.0,0.0,0.0,1.0,330.99,329.80615
13104.0,-78,5,278.22,55.644,0.0,0.0,0.0,1.0,332.4,329.3716
13262.0,-145,26,232.41,8.938847,0.0,0.0,0.0,1.0,140.75,328.10602
13435.0,-44,15,323.85,21.59,0.0,0.0,0.0,1.0,341.49,327.67407
16204.0,-275,13,213.27,16.405384,0.0,0.0,0.0,1.0,325.26,326.3634
13029.0,-68,4,347.7,86.925,0.0,0.0,0.0,1.0,332.1,325.87045
17034.0,-58,11,197.95,17.995455,0.0,0.0,0.0,1.0,340.45,325.3576
13545.0,-89,18,124.14,6.8966665,0.0,0.0,0.0,1.0,250.5,325.3364
14662.0,-177,38,221.65,5.832895,0.0,0.0,0.0,1.0,423.51,322.89288
14228.0,-66,25,423.49,16.9396,0.0,0.0,0.0,1.0,322.01,322.7018
17547.0,-210,18,404.55,22.475,0.0,0.0,0.0,1.0,323.3,322.6486
14725.0,-79,26,260.93,10.035769,0.0,0.0,0.0,1.0,330.35,322.00745
15385.0,-222,5,307.8,61.56,0.0,0.0,0.0,1.0,317.4,320.43817
13465.0,-130,21,611.5,29.119047,0.0,0.0,0.0,1.0,319.62,320.20853
17998.0,-282,50,319.19,6.3838,0.0,0.0,0.0,1.0,320.05,319.6886
18078.0,-172,24,372.74,15.530833,0.0,0.0,0.0,1.0,135.73,318.89438
17122.0,-44,7,102.02,14.5742855,0.0,0.0,0.0,1.0,330.16,316.86334
16898.0,-121,34,192.64,5.6658826,0.0,0.0,0.0,1.0,314.92,316.64047
14729.0,-170,66,280.4,4.2484846,0.0,0.0,0.0,1.0,313.49,315.71045
16518.0,-101,9,155.0,17.222221,0.0,0.0,0.0,1.0,320.05,314.94315
17691.0,-91,13,172.65,13.280769,0.0,0.0,0.0,1.0,317.0,313.9023
12880.0,-119,21,337.18,16.05619,0.0,0.0,0.0,1.0,302.95,313.86322
14142.0,-190,22,359.53,16.342272,0.0,0.0,0.0,1.0,311.81,313.28842
16039.0,-172,11,143.48,13.043636,0.0,0.0,0.0,1.0,312.92,313.16403
15287.0,-282,4,58.2,14.55,0.0,0.0,0.0,1.0,311.14,311.5817
15201.0,-155,15,293.06,19.537333,0.0,0.0,0.0,1.0,313.35,310.4831
15651.0,-141,15,291.26,19.417334,0.0,0.0,0.0,1.0,321.5,310.004
17076.0,-183,12,191.75,15.979167,0.0,0.0,0.0,1.0,209.92,309.68317
13919.0,-85,31,581.27,18.750645,0.0,0.0,0.0,1.0,322.6,309.24368
15714.0,-94,4,300.0,75.0,0.0,0.0,0.0,1.0,153.93,308.6412
17098.0,-85,10,299.47,29.947,0.0,0.0,0.0,1.0,291.6,308.16437
13484.0,-184,11,165.78,15.0709095,0.0,0.0,0.0,1.0,311.14,307.64026
15958.0,-95,19,81.45,4.286842,0.0,0.0,0.0,1.0,307.19,307.46622
15872.0,-94,13,121.54,9.349231,0.0,0.0,0.0,1.0,313.21,307.1798
17172.0,-271,14,336.82,24.05857,0.0,0.0,0.0,1.0,301.99,306.48718
17759.0,-128,6,132.15,22.025,0.0,0.0,0.0,1.0,309.77,305.09207
13233.0,-239,17,290.63,17.095882,0.0,0.0,0.0,1.0,280.71,304.5186
17490.0,-114,21,353.14,16.81619,0.0,0.0,0.0,1.0,305.04,303.8212
14365.0,-226,29,324.5,11.189655,0.0,0.0,0.0,1.0,310.18,303.33707
16781.0,-214,22,311.75,14.170455,0.0,0.0,0.0,1.0,311.25,303.23676
15677.0,-8,23,340.65,14.810869,1.0,1.0,11.0,1.0,307.75,301.89523
15362.0,-283,23,310.75,13.51087,0.0,0.0,0.0,1.0,302.33,301.80356
15181.0,-275,1,162.72,162.72,0.0,0.0,0.0,1.0,348.0,301.50842
17411.0,-281,19,344.4,18.126316,0.0,0.0,0.0,1.0,302.04,301.43292
14083.0,-56,8,79.29,9.91125,0.0,0.0,0.0,1.0,309.54,301.00317
15071.0,-115,11,166.24,15.112727,0.0,0.0,0.0,1.0,307.25,300.8231
15133.0,-65,13,518.78,39.906155,0.0,0.0,0.0,1.0,305.7,299.69846
14321.0,-18,35,377.12,10.7748575,1.0,0.0,0.0,1.0,310.19,299.68893
16576.0,-66,14,227.4,16.242857,0.0,0.0,0.0,1.0,313.47,297.72647
16500.0,-87,11,147.55,13.413636,0.0,0.0,0.0,1.0,295.5,297.24695
13988.0,-170,18,310.2,17.233334,0.0,0.0,0.0,1.0,299.64,296.39185
12987.0,-154,24,460.68,19.195,0.0,0.0,0.0,1.0,292.83,295.90564
15842.0,-72,9,172.55,19.172222,0.0,0.0,0.0,1.0,376.25,293.07336
14922.0,-52,33,540.29,16.372425,0.0,0.0,0.0,1.0,303.45,291.40594
18101.0,-219,23,112.5,4.8913045,0.0,0.0,0.0,1.0,293.01,290.9698
15428.0,-181,21,381.72,18.177143,0.0,0.0,0.0,1.0,287.25,290.65622
18049.0,-135,61,272.13,4.4611473,0.0,0.0,0.0,1.0,283.97,287.18195
14508.0,-85,74,308.61,4.1704054,0.0,0.0,0.0,1.0,289.91,287.05606
16864.0,-143,2,111.72,55.86,0.0,0.0,0.0,1.0,297.53,286.96414
14296.0,-119,11,168.25,15.295455,0.0,0.0,0.0,1.0,288.15,286.76898
13602.0,-105,11,169.38,15.398182,0.0,0.0,0.0,1.0,426.9,285.93503
14550.0,-28,27,289.51,10.722592,0.0,0.0,0.0,1.0,298.18,285.23517
14714.0,-120,60,463.12,7.7186666,0.0,0.0,0.0,1.0,282.93,282.71313
13614.0,-96,44,304.85,6.928409,0.0,0.0,0.0,1.0,443.88,280.8401
12588.0,-142,16,248.9,15.55625,0.0,0.0,0.0,1.0,294.98,280.17407
16117.0,-136,23,133.5,5.804348,0.0,0.0,0.0,1.0,288.69,279.5265
14599.0,-53,15,185.64,12.376,0.0,0.0,0.0,1.0,288.9,278.28677
17555.0,-130,51,156.65,3.0715687,0.0,0.0,0.0,1.0,417.83,277.9474
14302.0,-207,21,471.25,22.440475,0.0,0.0,0.0,1.0,271.65,277.6943
16675.0,-23,19,307.06,16.161053,1.0,0.0,0.0,1.0,301.8,276.12057
13677.0,-64,61,273.96,4.4911475,0.0,0.0,0.0,1.0,282.23,275.64615
18016.0,-225,19,201.2,10.589474,0.0,0.0,0.0,1.0,275.7,275.14627
13957.0,-116,16,258.9,16.18125,0.0,0.0,0.0,1.0,199.35,274.45908
16310.0,-186,12,190.38,15.865,0.0,0.0,0.0,1.0,269.7,273.72467
15921.0,-185,13,100.18,7.706154,0.0,0.0,0.0,1.0,356.25,273.04184
16720.0,-266,51,173.22,3.3964705,0.0,0.0,0.0,1.0,275.02,272.7549
14452.0,-66,30,127.3,4.2433333,0.0,0.0,0.0,1.0,273.85,270.64026
13998.0,-55,15,278.9,18.593334,0.0,0.0,0.0,1.0,287.8,270.174
14398.0,-72,31,446.49,14.402904,0.0,0.0,0.0,1.0,261.3,268.2452
17926.0,-9,17,355.2,20.894117,1.0,1.0,4.0,1.0,283.0,267.73938
18112.0,-96,12,152.0,12.666667,0.0,0.0,0.0,1.0,271.27,266.7992
16693.0,-61,81,453.35,5.596914,0.0,0.0,0.0,1.0,264.1,266.61783
17615.0,-30,6,122.7,20.45,0.0,0.0,0.0,1.0,280.9,266.4562
14372.0,-143,23,590.35,25.66739,0.0,0.0,0.0,1.0,269.73,266.3856
14968.0,-3,47,353.65,7.524468,1.0,1.0,29.0,0.0,0.0,265.9816
13700.0,-212,12,81.55,6.795833,0.0,0.0,0.0,1.0,266.79,265.62265
12576.0,-3,33,475.62,14.412727,2.0,2.0,10.0,1.0,271.27,265.09912
18244.0,-47,3,302.8,100.933334,0.0,0.0,0.0,1.0,265.84,264.64243
15166.0,-12,12,167.16,13.93,1.0,1.0,9.0,0.0,0.0,262.70996
16660.0,-2,5,344.94,68.988,1.0,1.0,3.0,1.0,266.96,261.3858
13766.0,-40,17,190.35,11.197059,0.0,0.0,0.0,0.0,0.0,259.16492
16836.0,-119,13,220.75,16.98077,0.0,0.0,0.0,1.0,309.75,259.1547
17310.0,-79,1,765.0,765.0,0.0,0.0,0.0,1.0,260.1,259.14755
17801.0,-94,61,534.46,8.76164,0.0,0.0,0.0,1.0,263.87,259.08084
17142.0,-78,47,446.55,9.501064,0.0,0.0,0.0,1.0,258.2,258.95355
17163.0,-220,5,141.24,28.248,0.0,0.0,0.0,1.0,265.44,258.56488
13010.0,-193,6,177.12,29.52,0.0,0.0,0.0,1.0,153.0,256.69977
17513.0,-23,7,387.0,55.285713,1.0,0.0,0.0,1.0,258.6,256.36618
15068.0,-166,59,334.87,5.6757627,0.0,0.0,0.0,1.0,288.62,253.70297
17536.0,-227,3,34.78,11.593333,0.0,0.0,0.0,1.0,253.55,253.48006
13005.0,-2,17,229.73,13.51353,1.0,1.0,8.0,1.0,256.25,252.96878
16723.0,-280,62,460.55,7.428226,0.0,0.0,0.0,1.0,251.93,252.04506
16574.0,-203,41,590.91,14.412439,0.0,0.0,0.0,1.0,259.43,251.84055
13861.0,-75,10,128.43,12.843,0.0,0.0,0.0,1.0,144.83,251.11505
15639.0,-150,24,394.24,16.426666,0.0,0.0,0.0,1.0,245.52,250.29968
17143.0,-60,80,661.51,8.268875,0.0,0.0,0.0,1.0,262.6,249.15707
14549.0,-138,82,510.31,6.223293,0.0,0.0,0.0,1.0,117.0,248.21938
16496.0,-54,29,453.0,15.620689,0.0,0.0,0.0,1.0,278.25,247.92726
14425.0,-267,26,422.29,16.241922,0.0,0.0,0.0,1.0,239.1,245.7974
15418.0,-131,11,206.49,18.771818,0.0,0.0,0.0,1.0,245.83,245.29471
16887.0,-283,34,219.82,6.465294,0.0,0.0,0.0,1.0,246.02,245.13557
14986.0,-228,51,323.38,6.3407845,0.0,0.0,0.0,1.0,243.52,243.42142
17373.0,-194,13,163.7,12.592308,0.0,0.0,0.0,1.0,356.88,241.88913
17430.0,-24,13,210.8,16.215385,1.0,0.0,0.0,1.0,258.61,241.18596
17027.0,-198,9,244.25,27.13889,0.0,0.0,0.0,1.0,192.57,239.39417
18262.0,-147,14,202.06,14.4328575,0.0,0.0,0.0,1.0,226.0,234.69594
17300.0,-26,19,155.8,8.2,1.0,0.0,0.0,1.0,237.84,234.01517
17559.0,-57,12,167.62,13.968333,0.0,0.0,0.0,0.0,0.0,233.30356
16428.0,-42,81,421.31,5.201358,0.0,0.0,0.0,1.0,238.97,232.64746
15989.0,-281,38,143.11,3.7660527,0.0,0.0,0.0,1.0,229.4,232.40215
14122.0,-273,3,131.59,43.863335,0.0,0.0,0.0,1.0,230.83,232.07486
16472.0,-142,26,557.04,21.424616,0.0,0.0,0.0,1.0,232.56,227.83157
17591.0,-235,22,144.1,6.55,0.0,0.0,0.0,1.0,406.6,227.80585
17476.0,-282,16,260.36,16.2725,0.0,0.0,0.0,1.0,229.5,226.43419
13255.0,-57,13,279.25,21.48077,0.0,0.0,0.0,1.0,225.7,225.86797
12693.0,-67,29,489.35,16.874138,0.0,0.0,0.0,1.0,213.76,224.5638
17251.0,-269,20,306.4,15.32,0.0,0.0,0.0,1.0,222.75,224.12119
14595.0,-233,20,202.35,10.1175,0.0,0.0,0.0,1.0,221.5,223.06894
14153.0,-28,17,233.4,13.729412,0.0,0.0,0.0,0.0,0.0,222.3901
14484.0,-182,25,528.68,21.1472,0.0,0.0,0.0,1.0,220.38,221.97888
17233.0,-269,13,179.36,13.796923,0.0,0.0,0.0,1.0,190.62,219.445
17996.0,-91,38,262.9,6.9184213,0.0,0.0,0.0,1.0,206.83,217.68724
17776.0,-267,52,215.75,4.1490383,0.0,0.0,0.0,1.0,121.55,217.59676
17518.0,-166,39,153.55,3.9371796,0.0,0.0,0.0,1.0,175.87,216.03806
16203.0,-49,17,282.13,16.595882,0.0,0.0,0.0,1.0,239.51,214.64705
16421.0,-14,19,310.6,16.347368,1.0,0.0,0.0,1.0,215.67,214.62038
13666.0,-280,2,19.5,9.75,0.0,0.0,0.0,1.0,22.9,212.89255
12889.0,-11,12,171.01,14.2508335,1.0,1.0,4.0,1.0,214.45,212.16277
14610.0,-58,6,13.45,2.2416666,0.0,0.0,0.0,1.0,10.9,211.38013
15723.0,-119,50,240.91,4.8182,0.0,0.0,0.0,1.0,503.64,211.15399
16014.0,-222,78,257.71,3.3039744,0.0,0.0,0.0,1.0,210.18,210.21053
14681.0,-189,10,168.0,16.8,0.0,0.0,0.0,1.0,208.2,209.8289
15169.0,-271,49,356.17,7.2687755,0.0,0.0,0.0,1.0,213.05,208.58351
16868.0,-138,24,183.9,7.6625,0.0,0.0,0.0,1.0,209.49,208.51286
16354.0,-136,25,210.83,8.4332,0.0,0.0,0.0,1.0,522.88,207.25217
14877.0,-187,32,206.7,6.459375,0.0,0.0,0.0,1.0,230.3,206.63393
12897.0,-88,6,104.15,17.358334,0.0,0.0,0.0,1.0,193.6,205.99898
12844.0,-138,21,123.03,5.8585715,0.0,0.0,0.0,1.0,199.61,200.75531
16259.0,-149,38,159.82,4.2057896,0.0,0.0,0.0,1.0,202.12,200.1685
18006.0,-161,21,356.48,16.975239,0.0,0.0,0.0,1.0,196.7,199.37685
16565.0,-31,7,392.35,56.05,0.0,0.0,0.0,1.0,207.0,199.17534
13948.0,-193,13,262.31,20.177692,0.0,0.0,0.0,1.0,184.45,198.50322
15584.0,-215,61,357.04,5.8531146,0.0,0.0,0.0,1.0,195.35,197.84859
13238.0,-134,6,117.0,19.5,0.0,0.0,0.0,1.0,188.9,197.45856
12808.0,-7,12,189.65,15.804167,1.0,1.0,9.0,1.0,204.8,197.23752
16815.0,-81,40,233.12,5.828,0.0,0.0,0.0,1.0,177.85,196.81198
16414.0,-138,11,232.57,21.142727,0.0,0.0,0.0,1.0,200.89,196.69159
15788.0,-53,14,221.83,15.845,0.0,0.0,0.0,0.0,0.0,194.83139
13008.0,-267,11,189.31,17.21,0.0,0.0,0.0,1.0,193.35,193.58687
17561.0,-75,102,364.47,3.5732353,0.0,0.0,0.0,1.0,190.25,192.69484
14583.0,-78,132,534.08,4.0460606,0.0,0.0,0.0,1.0,194.4,192.34464
16166.0,-236,12,239.84,19.986666,0.0,0.0,0.0,1.0,195.99,192.23222
17200.0,-197,21,165.06,7.86,0.0,0.0,0.0,1.0,191.65,191.08734
13515.0,-189,7,188.1,26.87143,0.0,0.0,0.0,1.0,186.6,190.17146
15012.0,-121,73,246.52,3.3769863,0.0,0.0,0.0,1.0,191.06,190.08205
15110.0,-29,10,301.65,30.165,0.0,0.0,0.0,1.0,208.1,189.21915
13773.0,-204,5,91.4,18.28,0.0,0.0,0.0,1.0,210.14,187.13013
16060.0,-38,18,345.6,19.2,0.0,0.0,0.0,1.0,196.35,186.86752
14577.0,-226,38,323.74,8.519474,0.0,0.0,0.0,1.0,190.8,186.409
14521.0,-35,17,199.45,11.732353,0.0,0.0,0.0,0.0,0.0,185.85732
15888.0,-71,9,81.75,9.083333,0.0,0.0,0.0,1.0,179.1,183.92264
14413.0,-234,9,122.7,13.633333,0.0,0.0,0.0,1.0,182.17,183.42534
15080.0,-46,20,361.35,18.0675,0.0,0.0,0.0,1.0,184.9,183.08238
17051.0,-130,67,284.7,4.2492537,0.0,0.0,0.0,1.0,182.55,182.77327
14237.0,-135,17,310.14,18.24353,0.0,0.0,0.0,1.0,161.0,182.64162
17350.0,-92,41,456.511,11.134415,0.0,0.0,0.0,1.0,163.46,180.49153
16647.0,-88,8,144.13,18.01625,0.0,0.0,0.0,1.0,183.71,179.44647
16628.0,-186,4,78.0,19.5,0.0,0.0,0.0,1.0,52.05,179.20114
15713.0,-164,33,482.94,14.634545,0.0,0.0,0.0,1.0,171.15,179.06683
13502.0,-93,11,307.9,27.99091,0.0,0.0,0.0,1.0,180.6,179.0191
15446.0,-173,65,227.77,3.5041537,0.0,0.0,0.0,1.0,176.18,178.84538
13922.0,-12,13,423.2,32.553844,1.0,1.0,10.0,1.0,269.75,177.9924
15198.0,-162,16,207.31,12.956875,0.0,0.0,0.0,1.0,170.4,177.94684
16524.0,-236,14,101.3,7.2357144,0.0,0.0,0.0,1.0,206.84,177.30614
15562.0,-270,28,360.51,12.875357,0.0,0.0,0.0,1.0,178.32,177.13737
13601.0,-90,62,207.58,3.3480644,0.0,0.0,0.0,1.0,284.24,177.0608
16406.0,-198,53,212.85,4.016038,0.0,0.0,0.0,1.0,176.76,176.26349
14201.0,-115,10,283.95,28.395,0.0,0.0,0.0,1.0,162.15,175.53508
14477.0,-73,3,495.0,165.0,0.0,0.0,0.0,1.0,165.0,175.435
14805.0,-61,59,368.64,6.2481356,0.0,0.0,0.0,1.0,181.35,174.76555
12516.0,-144,24,509.46,21.2275,0.0,0.0,0.0,1.0,593.1,174.06078
14183.0,-25,15,139.58,9.305333,1.0,0.0,0.0,1.0,146.71,173.99161
15512.0,-221,1,39.0,39.0,0.0,0.0,0.0,1.0,171.58,173.3544
14807.0,-194,24,349.64,14.568334,0.0,0.0,0.0,1.0,169.65,173.28633
18182.0,-8,10,291.13,29.113,1.0,1.0,9.0,0.0,0.0,173.07954
13909.0,-65,11,112.46,10.223637,0.0,0.0,0.0,1.0,174.14,171.3466
13512.0,-25,18,273.96,15.22,1.0,0.0,0.0,1.0,188.22,170.70544
16583.0,-218,4,64.5,16.125,0.0,0.0,0.0,1.0,233.45,170.50574
15792.0,-163,28,476.84,17.03,0.0,0.0,0.0,1.0,457.0,169.38509
16382.0,-95,15,195.77,13.051333,0.0,0.0,0.0,1.0,157.33,169.00165
13045.0,-31,16,325.44,20.34,0.0,0.0,0.0,1.0,178.2,168.9028
17852.0,-269,47,380.36,8.092766,0.0,0.0,0.0,1.0,168.51,168.38016
14104.0,-93,92,391.15,4.2516303,0.0,0.0,0.0,1.0,161.22,167.3562
12907.0,-39,18,328.43,18.24611,0.0,0.0,0.0,1.0,180.48,166.98807
17181.0,-140,5,69.93,13.986,0.0,0.0,0.0,1.0,155.52,166.62392
15196.0,-271,24,152.25,6.34375,0.0,0.0,0.0,1.0,164.0,163.91458
16861.0,-53,3,137.4,45.8,0.0,0.0,0.0,1.0,635.43,163.22574
12651.0,-9,8,99.0,12.375,1.0,1.0,6.0,1.0,164.75,162.5792
13582.0,-162,3,77.5,25.833334,0.0,0.0,0.0,1.0,164.18,162.08853
17785.0,-110,16,115.25,7.203125,0.0,0.0,0.0,1.0,156.19,160.58142
15184.0,-268,11,123.19,11.199091,0.0,0.0,0.0,1.0,160.0,160.42763
16493.0,-67,48,606.21,12.629375,0.0,0.0,0.0,1.0,174.25,159.90263
14552.0,-137,57,173.72,3.0477192,0.0,0.0,0.0,1.0,172.49,158.12244
13479.0,-21,29,387.36,13.357242,2.0,0.0,0.0,1.0,163.06,156.702
13129.0,-74,4,108.75,27.1875,0.0,0.0,0.0,1.0,124.5,155.93512
16932.0,-116,49,121.48,2.4791837,0.0,0.0,0.0,1.0,157.29,155.88483
16792.0,-133,69,367.19,5.321594,0.0,0.0,0.0,1.0,145.89,154.64389
18203.0,-95,26,221.43,8.516539,0.0,0.0,0.0,1.0,112.57,152.3046
17326.0,-74,51,172.6,3.3843138,0.0,0.0,0.0,1.0,149.35,152.1404
14097.0,-26,40,422.86,10.5715,1.0,0.0,0.0,0.0,0.0,151.50763
16332.0,-18,30,256.27,8.542334,2.0,0.0,0.0,1.0,158.42,151.27551
17358.0,-197,13,117.22,9.016923,0.0,0.0,0.0,1.0,382.98,150.81409
14494.0,-276,1,114.3,114.3,0.0,0.0,0.0,1.0,147.6,150.3034
17327.0,-107,1,4.25,4.25,0.0,0.0,0.0,1.0,148.1,149.97014
14699.0,-38,28,417.54,14.912143,0.0,0.0,0.0,1.0,175.93,148.52936
14704.0,-168,41,119.84,2.922927,0.0,0.0,0.0,1.0,146.82,145.43178
13684.0,-107,53,396.92,7.4890566,0.0,0.0,0.0,1.0,132.83,145.30014
12504.0,-141,5,116.4,23.28,0.0,0.0,0.0,1.0,144.6,144.8947
14926.0,-143,2,220.2,110.1,0.0,0.0,0.0,1.0,139.2,144.47548
17182.0,-262,2,178.5,89.25,0.0,0.0,0.0,1.0,142.8,144.46355
14998.0,-149,14,113.49,8.106428,0.0,0.0,0.0,1.0,227.37,143.61916
17689.0,-19,9,166.0,18.444445,1.0,0.0,0.0,1.0,151.08,142.16689
17608.0,-152,59,164.92,2.7952542,0.0,0.0,0.0,1.0,140.19,140.04857
16691.0,-105,4,35.88,8.97,0.0,0.0,0.0,1.0,142.95,139.42561
13713.0,-15,69,591.11,8.566812,1.0,0.0,0.0,1.0,152.15,139.29202
14219.0,-38,25,395.64,15.8256,0.0,0.0,0.0,1.0,148.25,137.98676
13480.0,-224,31,493.94,15.933548,0.0,0.0,0.0,1.0,133.88,136.95586
17807.0,-124,67,301.62,4.501791,0.0,0.0,0.0,1.0,136.25,136.93036
14053.0,-31,2,170.8,85.4,0.0,0.0,0.0,1.0,141.25,136.38461
13820.0,-191,41,394.42,9.62,0.0,0.0,0.0,1.0,266.23,132.321
17258.0,-209,35,283.85,8.11,0.0,0.0,0.0,1.0,133.45,131.24274
14569.0,-38,18,238.05,13.225,0.0,0.0,0.0,1.0,133.54,129.73492
14013.0,-168,10,174.2,17.42,0.0,0.0,0.0,1.0,437.35,128.93314
17804.0,-77,64,266.23,4.159844,0.0,0.0,0.0,1.0,119.0,128.70335
13807.0,-118,18,309.6,17.2,0.0,0.0,0.0,1.0,112.6,128.64928
13277.0,-15,11,153.5,13.954545,1.0,0.0,0.0,1.0,111.4,126.589195
16921.0,-144,24,163.41,6.80875,0.0,0.0,0.0,1.0,113.47,125.495766
17771.0,-134,4,16.0,4.0,0.0,0.0,0.0,1.0,125.6,125.395775
17109.0,-42,12,184.69,15.390833,0.0,0.0,0.0,1.0,225.73,125.146095
16596.0,-234,12,208.83,17.4025,0.0,0.0,0.0,1.0,120.65,124.858444
15451.0,-144,31,110.26,3.5567741,0.0,0.0,0.0,1.0,122.95,124.344246
15659.0,-198,3,108.44,36.146667,0.0,0.0,0.0,1.0,117.6,124.289406
13161.0,-45,26,366.13,14.0819235,0.0,0.0,0.0,0.0,0.0,124.02533
16888.0,-220,31,317.31,10.235806,0.0,0.0,0.0,1.0,119.84,121.615685
16089.0,-53,27,154.65,5.727778,0.0,0.0,0.0,1.0,116.79,120.51464
15008.0,-25,12,360.0,30.0,1.0,0.0,0.0,0.0,0.0,119.868805
16773.0,-277,24,137.75,5.7395835,0.0,0.0,0.0,1.0,111.9,119.408516
15072.0,-23,13,187.52,14.424616,1.0,0.0,0.0,0.0,0.0,116.93478
17298.0,-38,36,327.74,9.1038885,0.0,0.0,0.0,1.0,115.5,116.481865
16952.0,-3,58,513.59,8.855,1.0,1.0,18.0,1.0,117.58,116.056305
14191.0,-273,1,15.9,15.9,0.0,0.0,0.0,1.0,117.0,115.27414
15070.0,-135,31,630.85,20.35,0.0,0.0,0.0,1.0,106.2,111.329155
15262.0,-32,9,127.07,14.118889,0.0,0.0,0.0,1.0,112.8,111.30076
15936.0,-12,11,171.62,15.601818,1.0,1.0,10.0,1.0,111.17,111.22786
17643.0,-50,23,338.15,14.702174,0.0,0.0,0.0,1.0,101.55,111.06725
14119.0,-262,3,66.48,22.16,0.0,0.0,0.0,1.0,116.89,110.39176
17376.0,-67,22,141.25,6.4204545,0.0,0.0,0.0,1.0,109.19,110.3163
16356.0,-96,16,98.3,6.14375,0.0,0.0,0.0,1.0,105.8,109.55226
17436.0,-138,7,216.0,30.857143,0.0,0.0,0.0,1.0,101.76,109.20925
18238.0,-60,14,270.92,19.351429,0.0,0.0,0.0,0.0,0.0,107.47851
16832.0,-3,6,111.0,18.5,1.0,1.0,4.0,1.0,107.46,106.95446
17395.0,-52,3,97.5,32.5,0.0,0.0,0.0,0.0,0.0,106.12819
17380.0,-45,8,521.4,65.175,0.0,0.0,0.0,1.0,123.6,105.799484
14885.0,-10,3,241.2,80.4,1.0,1.0,2.0,1.0,591.6,103.98531
15401.0,-113,9,136.2,15.133333,0.0,0.0,0.0,1.0,80.75,102.78182
18011.0,-112,37,321.45,8.687838,0.0,0.0,0.0,1.0,102.79,101.94484
13710.0,-157,5,228.0,45.6,0.0,0.0,0.0,1.0,101.04,101.677345
16519.0,-30,24,237.48,9.895,0.0,0.0,0.0,1.0,103.7,101.278496
15809.0,-4,23,758.67,32.985653,1.0,1.0,12.0,0.0,0.0,100.868324
15969.0,-67,3,103.76,34.586666,0.0,0.0,0.0,1.0,357.19,100.24259
17177.0,-49,29,119.5,4.12069,0.0,0.0,0.0,0.0,0.0,97.85482
14181.0,-107,49,216.1,4.410204,0.0,0.0,0.0,1.0,94.45,97.04267
15431.0,-47,2,153.24,76.62,0.0,0.0,0.0,0.0,0.0,96.74287
17497.0,-155,3,204.6,68.2,0.0,0.0,0.0,1.0,82.65,95.770096
16018.0,-277,20,195.78,9.789,0.0,0.0,0.0,1.0,93.45,95.45023
15400.0,-36,14,481.1,34.364285,0.0,0.0,0.0,1.0,105.0,95.034164
17226.0,-210,35,425.63,12.160857,0.0,0.0,0.0,1.0,81.0,93.60012
15566.0,-268,5,138.22,27.644,0.0,0.0,0.0,1.0,89.65,90.41696
13514.0,-124,15,588.7,39.246666,0.0,0.0,0.0,1.0,75.0,90.34318
15901.0,-7,38,230.59,6.0681577,1.0,1.0,2.0,1.0,90.9,88.84989
14168.0,-109,11,302.95,27.540909,0.0,0.0,0.0,1.0,67.5,87.369736
17456.0,0,43,725.7,16.876743,1.0,1.0,24.0,1.0,249.86,86.84378
14656.0,-58,86,322.07,3.745,0.0,0.0,0.0,1.0,201.53,86.401924
17680.0,-55,5,226.05,45.21,0.0,0.0,0.0,1.0,87.0,85.50688
13945.0,-24,37,515.65,13.936486,1.0,0.0,0.0,1.0,338.5,83.768776
17918.0,-45,39,388.44,9.96,0.0,0.0,0.0,0.0,0.0,82.83657
14616.0,-93,1,42.5,42.5,0.0,0.0,0.0,1.0,79.2,82.40386
15124.0,-21,16,266.63,16.664375,1.0,0.0,0.0,0.0,0.0,80.39546
14187.0,-18,8,123.5,15.4375,1.0,0.0,0.0,0.0,0.0,78.82398
12665.0,-213,7,150.8,21.542856,0.0,0.0,0.0,1.0,63.8,78.077255
13403.0,-268,3,78.6,26.2,0.0,0.0,0.0,1.0,75.9,78.03915
14513.0,-112,5,271.46,54.292,0.0,0.0,0.0,1.0,60.96,75.31506
13292.0,-39,23,344.35,14.971739,0.0,0.0,0.0,1.0,71.22,75.07443
13080.0,-106,9,160.75,17.86111,0.0,0.0,0.0,1.0,61.9,74.328995
12458.0,-32,19,345.61,18.19,0.0,0.0,0.0,1.0,369.48,74.03178
14707.0,-121,1,69.6,69.6,0.0,0.0,0.0,1.0,69.6,71.12919
13133.0,-3,5,90.65,18.13,1.0,1.0,4.0,0.0,0.0,71.063995
13444.0,-51,13,135.29,10.406923,0.0,0.0,0.0,1.0,496.39,70.35866
13474.0,-40,62,365.05,5.887903,0.0,0.0,0.0,1.0,69.15,69.93918
12959.0,-28,8,150.95,18.86875,0.0,0.0,0.0,0.0,0.0,69.4171
13207.0,-156,4,214.2,53.55,0.0,0.0,0.0,1.0,71.4,67.59189
14700.0,-30,29,341.37,11.771379,0.0,0.0,0.0,1.0,539.59,67.23152
17299.0,-25,39,227.72,5.8389745,1.0,0.0,0.0,1.0,119.25,67.21182
18002.0,-69,42,175.07,4.1683335,0.0,0.0,0.0,1.0,68.1,66.41554
13275.0,-177,46,180.16,3.9165218,0.0,0.0,0.0,1.0,61.5,66.34283
13992.0,-7,3,75.9,25.3,1.0,1.0,3.0,1.0,66.8,66.139
13252.0,-170,17,346.9,20.405882,0.0,0.0,0.0,1.0,52.4,66.05346
17741.0,-105,2,41.4,20.7,0.0,0.0,0.0,1.0,59.7,62.102554
17762.0,0,17,129.75,7.632353,1.0,1.0,12.0,0.0,0.0,60.965427
17366.0,0,76,485.99,6.394605,1.0,1.0,39.0,1.0,610.25,60.524395
17339.0,-54,1,59.0,59.0,0.0,0.0,0.0,1.0,60.0,58.734993
12745.0,-31,22,723.85,32.90227,0.0,0.0,0.0,0.0,0.0,55.426777
17266.0,-43,47,207.09,4.4061704,0.0,0.0,0.0,0.0,0.0,50.37143
17309.0,-217,22,220.09,10.004091,0.0,0.0,0.0,1.0,27.75,47.897087
14427.0,-39,27,900.18,33.34,0.0,0.0,0.0,0.0,0.0,47.77792
18048.0,-38,54,229.44,4.248889,0.0,0.0,0.0,0.0,0.0,45.51806
17869.0,-14,42,393.66,9.372857,1.0,0.0,0.0,1.0,214.32,43.139378
15283.0,-31,8,114.43,14.30375,0.0,0.0,0.0,1.0,33.9,42.140472
15363.0,-37,19,352.11,18.532104,0.0,0.0,0.0,1.0,326.0,40.39615
17898.0,-111,13,114.88,8.836923,0.0,0.0,0.0,1.0,32.24,40.168465
15459.0,-42,5,97.83,19.566,0.0,0.0,0.0,1.0,105.0,39.88493
17369.0,0,1,979.2,979.2,1.0,1.0,1.0,0.0,0.0,38.27311
13997.0,-63,46,382.31,8.311087,0.0,0.0,0.0,0.0,0.0,37.861874
13242.0,-12,20,390.0,19.5,1.0,1.0,1.0,1.0,39.0,33.895794
14342.0,-17,10,161.28,16.128,1.0,0.0,0.0,1.0,88.6,33.68884
12421.0,-50,3,49.8,16.6,0.0,0.0,0.0,1.0,185.76,31.459433
12831.0,-7,13,236.06,18.15846,2.0,2.0,11.0,0.0,0.0,31.086317
12595.0,-49,18,281.02,15.612223,0.0,0.0,0.0,0.0,0.0,29.444042
13835.0,-64,16,260.7,16.29375,0.0,0.0,0.0,0.0,0.0,29.244959
16175.0,-16,40,798.85,19.97125,1.0,0.0,0.0,0.0,0.0,28.868698
15564.0,-7,4,70.74,17.685,1.0,1.0,1.0,0.0,0.0,28.502546
14797.0,-52,16,300.31,18.769375,0.0,0.0,0.0,0.0,0.0,27.023682
14022.0,-31,19,352.15,18.53421,0.0,0.0,0.0,0.0,0.0,25.038996
17816.0,-203,28,59.55,2.1267858,0.0,0.0,0.0,1.0,16.21,19.781729
18191.0,-21,8,321.6,40.2,1.0,0.0,0.0,0.0,0.0,19.146181
17849.0,-25,24,457.96,19.081667,1.0,0.0,0.0,0.0,0.0,17.94629
18207.0,-44,31,544.47,17.563549,0.0,0.0,0.0,0.0,0.0,17.737831
16286.0,-21,17,328.95,19.35,1.0,0.0,0.0,0.0,0.0,16.032492
13063.0,-25,12,188.4,15.7,1.0,0.0,0.0,0.0,0.0,15.313596
13135.0,-35,17,275.45,16.202942,0.0,0.0,0.0,0.0,0.0,15.200104
17473.0,0,16,298.1,18.63125,1.0,1.0,11.0,1.0,308.9,15.0093565
15530.0,-57,35,311.37,8.896286,0.0,0.0,0.0,0.0,0.0,14.393322
13717.0,-1,22,318.29,14.467728,1.0,1.0,7.0,0.0,0.0,14.067024
14674.0,-54,14,173.66,12.404285,0.0,0.0,0.0,0.0,0.0,13.97331
13150.0,-29,8,449.97,56.24625,0.0,0.0,0.0,0.0,0.0,13.725248
17168.0,-43,21,400.2,19.057142,0.0,0.0,0.0,0.0,0.0,13.617396
18196.0,-15,138,773.26,5.6033335,1.0,0.0,0.0,0.0,0.0,13.197603
17261.0,-54,46,230.44,5.0095654,0.0,0.0,0.0,0.0,0.0,13.110323
17627.0,-23,10,296.36,29.636,1.0,0.0,0.0,0.0,0.0,12.85146
14268.0,-15,19,354.85,18.676315,1.0,0.0,0.0,0.0,0.0,12.171419
13084.0,-36,2,122.4,61.2,0.0,0.0,0.0,0.0,0.0,11.94701
13070.0,-4,24,522.9,21.7875,1.0,1.0,3.0,0.0,0.0,11.747632
16870.0,-14,28,450.16,16.077143,1.0,0.0,0.0,0.0,0.0,11.350998
14253.0,-37,12,363.4,30.283333,0.0,0.0,0.0,0.0,0.0,10.563555
12862.0,-39,75,510.68,6.809067,0.0,0.0,0.0,1.0,497.64,10.435803
13399.0,-9,15,275.4,18.36,1.0,1.0,1.0,0.0,0.0,10.06848
12547.0,-45,12,147.78,12.315,0.0,0.0,0.0,0.0,0.0,10.021036
16632.0,-30,27,406.4,15.051852,0.0,0.0,0.0,0.0,0.0,9.561649
15873.0,-44,6,313.92,52.32,0.0,0.0,0.0,0.0,0.0,9.545537
12771.0,-30,14,226.3,16.164286,0.0,0.0,0.0,0.0,0.0,9.431352
12410.0,-47,13,240.38,18.490768,0.0,0.0,0.0,0.0,0.0,9.104076
15387.0,-36,20,468.65,23.4325,0.0,0.0,0.0,0.0,0.0,9.05077
15884.0,-280,14,241.8,17.27143,0.0,0.0,0.0,1.0,7.9,8.841087
14908.0,-7,5,104.1,20.82,1.0,1.0,5.0,0.0,0.0,8.8122835
14767.0,-18,18,382.81,21.267221,1.0,0.0,0.0,0.0,0.0,8.4176655
16544.0,-64,11,376.7,34.245453,0.0,0.0,0.0,0.0,0.0,8.400231
14672.0,-60,45,347.59,7.724222,0.0,0.0,0.0,0.0,0.0,8.384064
16251.0,-56,20,128.31,6.4155,0.0,0.0,0.0,0.0,0.0,8.05568
13796.0,-43,22,289.7,13.168181,0.0,0.0,0.0,0.0,0.0,7.655466
13594.0,-30,7,136.35,19.47857,0.0,0.0,0.0,0.0,0.0,7.653443
12866.0,-18,35,593.23,16.949429,1.0,0.0,0.0,0.0,0.0,7.632923
16227.0,-39,28,713.0,25.464285,0.0,0.0,0.0,0.0,0.0,7.5444746
14749.0,-24,18,310.15,17.230556,1.0,0.0,0.0,0.0,0.0,7.495987
13250.0,-5,20,256.04,12.802,1.0,1.0,1.0,0.0,0.0,7.4673443
15595.0,-32,4,357.6,89.4,0.0,0.0,0.0,0.0,0.0,7.432415
13428.0,-59,70,281.51,4.0215716,0.0,0.0,0.0,0.0,0.0,6.6578455
17215.0,-9,11,186.15,16.922728,1.0,1.0,8.0,0.0,0.0,6.516208
14722.0,-22,65,325.45,5.006923,1.0,0.0,0.0,0.0,0.0,6.514714
15893.0,-26,1,305.28,305.28,1.0,0.0,0.0,0.0,0.0,6.299049
15378.0,-7,12,246.5,20.541666,1.0,1.0,2.0,0.0,0.0,6.0640483
15837.0,-30,28,385.03,13.751071,0.0,0.0,0.0,0.0,0.0,5.9216733
13487.0,-50,15,271.47,18.098,0.0,0.0,0.0,0.0,0.0,5.9078126
12800.0,-15,32,500.25,15.6328125,1.0,0.0,0.0,0.0,0.0,5.7899346
16890.0,-21,18,277.91,15.439445,1.0,0.0,0.0,0.0,0.0,5.6908336
16345.0,-27,73,623.33,8.538767,0.0,0.0,0.0,0.0,0.0,5.6254606
15403.0,-36,8,170.88,21.36,0.0,0.0,0.0,0.0,0.0,5.601136
15504.0,-65,55,359.77,6.5412726,0.0,0.0,0.0,0.0,0.0,5.5906725
12575.0,-2,36,568.82,15.800555,1.0,1.0,10.0,0.0,0.0,5.57984
12761.0,-9,25,712.95,28.518,1.0,1.0,11.0,0.0,0.0,5.491535
18140.0,-18,54,536.41,9.933518,1.0,0.0,0.0,0.0,0.0,5.48612
13877.0,-14,20,332.44,16.622,1.0,0.0,0.0,0.0,0.0,5.483148
17248.0,-26,48,227.51,4.739792,1.0,0.0,0.0,0.0,0.0,5.273209
14818.0,-3,59,512.61,8.688305,1.0,1.0,9.0,0.0,0.0,5.2423096
13540.0,-12,32,632.39,19.762188,1.0,1.0,8.0,0.0,0.0,5.2038665
17393.0,-32,27,194.6,7.2074075,0.0,0.0,0.0,1.0,186.55,5.1391745
18021.0,-54,33,227.06,6.880606,0.0,0.0,0.0,0.0,0.0,5.0326943
12977.0,-46,50,478.39,9.5678,0.0,0.0,0.0,0.0,0.0,5.016158
16819.0,-9,17,182.59,10.740588,2.0,2.0,14.0,0.0,0.0,4.9527693
16440.0,-38,25,216.3,8.652,0.0,0.0,0.0,0.0,0.0,4.9494658
12801.0,-45,49,871.82,17.792244,0.0,0.0,0.0,0.0,0.0,4.9368324
12527.0,-39,14,386.8,27.62857,0.0,0.0,0.0,0.0,0.0,4.646728
13656.0,-44,38,699.2,18.4,0.0,0.0,0.0,0.0,0.0,4.5480967
12519.0,-21,21,349.7,16.652382,1.0,0.0,0.0,0.0,0.0,4.5135703
13839.0,-31,7,139.95,19.992857,0.0,0.0,0.0,0.0,0.0,4.4859314
15779.0,-7,8,124.08,15.51,1.0,1.0,3.0,0.0,0.0,4.374378
14084.0,-57,7,150.5,21.5,0.0,0.0,0.0,0.0,0.0,4.3660994
14009.0,-7,32,404.3,12.634375,1.0,1.0,8.0,0.0,0.0,4.2481384
13307.0,-32,14,258.34,18.452858,0.0,0.0,0.0,0.0,0.0,4.2236624
14486.0,-56,6,175.5,29.25,0.0,0.0,0.0,0.0,0.0,4.119045
14531.0,-24,29,376.34,12.9772415,1.0,0.0,0.0,0.0,0.0,3.937229
17494.0,-46,3,54.7,18.233334,0.0,0.0,0.0,0.0,0.0,3.9275153
13076.0,-2,9,135.4,15.044444,1.0,1.0,8.0,0.0,0.0,3.8622363
13595.0,-61,152,818.22,5.383026,0.0,0.0,0.0,0.0,0.0,3.7574537
16562.0,-21,34,223.86,6.5841174,1.0,0.0,0.0,0.0,0.0,3.7229807
14011.0,-24,32,457.82,14.306875,1.0,0.0,0.0,0.0,0.0,3.707976
17156.0,-36,39,591.87,15.176154,0.0,0.0,0.0,0.0,0.0,3.66698
18079.0,-36,13,590.78,45.444614,0.0,0.0,0.0,0.0,0.0,3.6176577
15416.0,-23,36,588.5,16.347221,2.0,0.0,0.0,0.0,0.0,3.6066816
14753.0,-5,18,306.36,17.02,1.0,1.0,11.0,0.0,0.0,3.527513
17847.0,-60,8,125.74,15.7175,0.0,0.0,0.0,0.0,0.0,3.3798711
17005.0,-15,20,742.36,37.118,1.0,0.0,0.0,0.0,0.0,3.2346725
16299.0,-21,12,193.65,16.1375,1.0,0.0,0.0,0.0,0.0,3.2252595
13627.0,-33,37,607.43,16.417027,0.0,0.0,0.0,0.0,0.0,3.1899884
17384.0,-11,5,171.15,34.23,1.0,1.0,4.0,0.0,0.0,2.928265
15224.0,-57,21,549.28,26.15619,0.0,0.0,0.0,0.0,0.0,2.9098587
15424.0,-7,16,214.44,13.4025,1.0,1.0,10.0,0.0,0.0,2.8132212
15488.0,-1,9,340.6,37.844444,2.0,2.0,6.0,0.0,0.0,2.775105
17541.0,-54,33,124.46,3.7715151,0.0,0.0,0.0,0.0,0.0,2.7604952
16334.0,-36,58,277.48,4.7841377,0.0,0.0,0.0,0.0,0.0,2.744946
17292.0,-16,15,271.75,18.116667,1.0,0.0,0.0,0.0,0.0,2.7133791
15092.0,-7,19,318.65,16.771053,1.0,1.0,10.0,0.0,0.0,2.708189
14433.0,-10,77,289.6,3.761039,1.0,1.0,30.0,0.0,0.0,2.634862
16095.0,0,30,447.05,14.901667,1.0,1.0,15.0,0.0,0.0,2.6279519
16468.0,-14,43,712.62,16.572557,2.0,0.0,0.0,0.0,0.0,2.5947611
14163.0,-6,6,148.71,24.785,1.0,1.0,6.0,0.0,0.0,2.5126758
14007.0,-57,5,79.48,15.896,0.0,0.0,0.0,0.0,0.0,2.5022242
17224.0,-46,8,100.86,12.6075,0.0,0.0,0.0,0.0,0.0,2.4927146
15331.0,-44,44,767.91,17.4525,0.0,0.0,0.0,0.0,0.0,2.487569
16344.0,-54,44,741.32,16.848183,0.0,0.0,0.0,0.0,0.0,2.4737659
14265.0,-9,48,843.17,17.566042,1.0,1.0,21.0,0.0,0.0,2.462173
14833.0,-43,7,94.8,13.542857,0.0,0.0,0.0,0.0,0.0,2.375643
17745.0,-22,28,600.34,21.440714,1.0,0.0,0.0,0.0,0.0,2.2959244
14996.0,-26,41,442.29,10.787561,3.0,0.0,0.0,0.0,0.0,2.2402225
12789.0,-57,2,148.5,74.25,0.0,0.0,0.0,0.0,0.0,2.22922
12788.0,-8,22,384.9,17.495455,1.0,1.0,5.0,0.0,0.0,2.2265956
17408.0,-45,6,283.44,47.24,0.0,0.0,0.0,0.0,0.0,2.1178632
15683.0,-18,16,330.79,20.674376,1.0,0.0,0.0,0.0,0.0,2.0379524
14326.0,-8,49,757.13,15.4516325,1.0,1.0,17.0,0.0,0.0,1.9975495
15055.0,-19,85,560.07,6.589059,1.0,0.0,0.0,0.0,0.0,1.9909842
15766.0,-1,15,516.0,34.4,1.0,1.0,5.0,0.0,0.0,1.9623898
12898.0,-8,32,310.96,9.7175,1.0,1.0,1.0,0.0,0.0,1.8942251
15627.0,-2,24,566.9,23.620832,1.0,1.0,9.0,0.0,0.0,1.851043
13472.0,-8,28,592.24,21.151428,1.0,1.0,9.0,0.0,0.0,1.7397583
16469.0,-59,23,178.48,7.76,0.0,0.0,0.0,0.0,0.0,1.6932927
15543.0,-4,30,114.98,3.8326666,1.0,1.0,19.0,0.0,0.0,1.6868207
16256.0,-38,15,826.94,55.129333,0.0,0.0,0.0,0.0,0.0,1.4694986
13101.0,-42,43,594.21,13.818837,0.0,0.0,0.0,0.0,0.0,1.4174573
17664.0,-19,37,561.59,15.178108,1.0,0.0,0.0,0.0,0.0,1.3898826
14069.0,-59,42,230.06,5.477619,0.0,0.0,0.0,0.0,0.0,1.3716899
14630.0,-28,21,338.65,16.12619,0.0,0.0,0.0,0.0,0.0,1.3312204
12414.0,-8,7,90.0,12.857142,1.0,1.0,5.0,0.0,0.0,1.3126493
15200.0,-39,30,549.05,18.301666,0.0,0.0,0.0,0.0,0.0,1.2922615
12851.0,-21,30,148.95,4.965,1.0,0.0,0.0,0.0,0.0,1.2831011
15666.0,-16,67,632.94,9.446866,1.0,0.0,0.0,0.0,0.0,1.2750024
17256.0,-26,15,258.93,17.262,1.0,0.0,0.0,0.0,0.0,1.2335714
17699.0,-21,19,442.0,23.263159,1.0,0.0,0.0,0.0,0.0,1.1907663
14544.0,-14,78,957.98,12.281795,1.0,0.0,0.0,0.0,0.0,1.153936
17792.0,-12,53,370.05,6.9820757,2.0,1.0,16.0,0.0,0.0,1.0641755
14463.0,-44,2,256.95,128.475,0.0,0.0,0.0,0.0,0.0,1.0384557
12760.0,0,20,317.8,15.89,1.0,1.0,13.0,0.0,0.0,0.9423787
16288.0,-14,7,129.85,18.55,1.0,0.0,0.0,0.0,0.0,0.89987326
13046.0,-1,21,319.94,15.235238,1.0,1.0,12.0,0.0,0.0,0.8764364
13427.0,-22,23,423.93,18.43174,1.0,0.0,0.0,0.0,0.0,0.8585644
18217.0,-58,9,323.29,35.921112,0.0,0.0,0.0,0.0,0.0,0.8001719
13683.0,-2,10,258.6,25.86,1.0,1.0,4.0,0.0,0.0,0.76910764
16375.0,-15,13,104.0,8.0,2.0,0.0,0.0,0.0,0.0,0.76043487
14144.0,-30,1,30.6,30.6,0.0,0.0,0.0,0.0,0.0,0.7305297
13452.0,-17,1,139.8,139.8,1.0,0.0,0.0,0.0,0.0,0.67177624
15741.0,-2,12,208.62,17.385,1.0,1.0,5.0,0.0,0.0,0.66022956
16769.0,-23,60,761.36,12.689333,1.0,0.0,0.0,0.0,0.0,0.65237015
15855.0,-20,15,340.48,22.698668,1.0,0.0,0.0,0.0,0.0,0.65091467
13679.0,-38,50,281.26,5.6252,0.0,0.0,0.0,0.0,0.0,0.6350631
15938.0,0,21,330.23,15.725238,1.0,1.0,3.0,0.0,0.0,0.5613901
16165.0,-50,1,79.9,79.9,0.0,0.0,0.0,0.0,0.0,0.5258562
16172.0,-18,44,744.34,16.916819,1.0,0.0,0.0,0.0,0.0,0.51925826
14444.0,0,13,132.04,10.156923,1.0,1.0,10.0,0.0,0.0,0.5053329
16196.0,-33,4,93.3,23.325,0.0,0.0,0.0,0.0,0.0,0.4240188
13024.0,-15,31,555.87,17.93129,1.0,0.0,0.0,0.0,0.0,0.4199314
16234.0,-21,15,333.18,22.212,1.0,0.0,0.0,0.0,0.0,0.36953187
15702.0,-20,29,112.57,3.881724,1.0,0.0,0.0,0.0,0.0,0.32017648
14563.0,-54,114,664.32,5.8273683,0.0,0.0,0.0,0.0,0.0,0.2865491
16100.0,-7,37,582.64,15.747027,1.0,1.0,14.0,0.0,0.0,0.27235657
13788.0,-49,1,3.75,3.75,0.0,0.0,0.0,0.0,0.0,0.24495494
14819.0,-38,44,198.09,4.5020456,0.0,0.0,0.0,0.0,0.0,0.1509502
17599.0,-22,3,52.05,17.35,1.0,0.0,0.0,0.0,0.0,0.125893
12864.0,-52,4,152.45,38.1125,0.0,0.0,0.0,0.0,0.0,0.062143326
12440.0,-7,30,739.2,24.64,1.0,1.0,7.0,0.0,0.0,0.046702266
12804.0,-10,67,327.02,4.8808956,1.0,1.0,15.0,0.0,0.0,0.045665946
17282.0,0,123,636.25,5.1727643,1.0,1.0,27.0,0.0,0.0,0.010479104
13548.0,-16,63,226.58,3.596508,1.0,0.0,0.0,0.0,0.0,-0.005902988
12819.0,-2,19,540.52,28.448421,1.0,1.0,12.0,0.0,0.0,-0.06488848
13714.0,-10,30,161.35,5.3783336,1.0,1.0,17.0,0.0,0.0,-0.16305058
17705.0,0,17,260.38,15.31647,1.0,1.0,5.0,0.0,0.0,-0.1755926
17866.0,-29,17,805.3,47.370586,0.0,0.0,0.0,0.0,0.0,-0.25407088
17270.0,-14,49,604.4,12.334694,1.0,0.0,0.0,0.0,0.0,-0.2682947
17159.0,-22,29,560.71,19.334827,1.0,0.0,0.0,0.0,0.0,-0.33736122
14086.0,-7,1,39.95,39.95,1.0,1.0,1.0,0.0,0.0,-0.360793
16246.0,-4,89,827.25,9.294944,1.0,1.0,37.0,0.0,0.0,-0.37721944
12664.0,-59,6,1028.16,171.36,0.0,0.0,0.0,0.0,0.0,-0.4124134
14736.0,-29,100,401.08,4.0108,0.0,0.0,0.0,0.0,0.0,-0.4210639
16219.0,-45,1,40.8,40.8,0.0,0.0,0.0,0.0,0.0,-0.48891094
16294.0,-21,8,126.05,15.75625,1.0,0.0,0.0,0.0,0.0,-0.5243898
17336.0,-16,1,81.12,81.12,1.0,0.0,0.0,0.0,0.0,-0.53294724
15284.0,-45,1,24.75,24.75,0.0,0.0,0.0,0.0,0.0,-0.5367123
14043.0,-35,42,304.25,7.2440476,0.0,0.0,0.0,0.0,0.0,-0.58338475
15191.0,-7,35,588.05,16.801428,1.0,1.0,10.0,0.0,0.0,-0.7167032
12777.0,-2,26,519.45,19.978846,1.0,1.0,15.0,0.0,0.0,-0.7493999
13653.0,-32,9,152.2,16.911112,0.0,0.0,0.0,0.0,0.0,-0.7563006
18227.0,-28,1,295.0,295.0,0.0,0.0,0.0,0.0,0.0,-0.7697652
14822.0,-30,9,157.7,17.522223,0.0,0.0,0.0,0.0,0.0,-0.8389936
15289.0,-3,39,653.31,16.75154,1.0,1.0,8.0,0.0,0.0,-0.8706737
15247.0,-22,11,620.06,56.36909,1.0,0.0,0.0,0.0,0.0,-0.9029685
15154.0,-22,103,1091.99,10.601845,2.0,0.0,0.0,0.0,0.0,-0.92269146
17471.0,-19,19,321.65,16.928947,1.0,0.0,0.0,0.0,0.0,-0.93930805
14384.0,-45,3,58.5,19.5,0.0,0.0,0.0,0.0,0.0,-0.9541952
15430.0,-12,36,954.75,26.520834,1.0,1.0,2.0,0.0,0.0,-1.0438879
17746.0,-16,30,793.93,26.464333,2.0,0.0,0.0,0.0,0.0,-1.0644999
14858.0,-50,11,180.75,16.431818,0.0,0.0,0.0,0.0,0.0,-1.1131201
14787.0,-16,15,110.65,7.3766665,1.0,0.0,0.0,0.0,0.0,-1.1357889
14115.0,-46,22,622.67,28.303183,0.0,0.0,0.0,0.0,0.0,-1.1811405
16947.0,-7,31,540.23,17.426775,1.0,1.0,1.0,0.0,0.0,-1.302484
13559.0,-57,2,990.0,495.0,0.0,0.0,0.0,0.0,0.0,-1.3819859
16886.0,0,8,134.0,16.75,1.0,1.0,5.0,0.0,0.0,-1.4761128
18124.0,-16,24,111.53,4.6470833,1.0,0.0,0.0,0.0,0.0,-1.4784677
16075.0,-47,41,736.93,17.973902,0.0,0.0,0.0,0.0,0.0,-1.5199802
12542.0,-28,39,481.88,12.355898,0.0,0.0,0.0,0.0,0.0,-1.7128937
17212.0,-2,25,567.56,22.7024,1.0,1.0,6.0,0.0,0.0,-1.754138
16648.0,0,18,382.14,21.23,1.0,1.0,5.0,0.0,0.0,-1.9834864
13509.0,-52,5,135.0,27.0,0.0,0.0,0.0,0.0,0.0,-2.0423155
13989.0,-9,45,759.98,16.888445,1.0,1.0,1.0,0.0,0.0,-2.1329842
13123.0,-17,45,506.75,11.261111,1.0,0.0,0.0,0.0,0.0,-2.1389825
14445.0,0,32,221.65,6.9265623,1.0,1.0,16.0,0.0,0.0,-2.1519103
17783.0,-57,25,96.44,3.8576,0.0,0.0,0.0,0.0,0.0,-2.1630106
16880.0,-38,9,321.78,35.753334,0.0,0.0,0.0,0.0,0.0,-2.2186394
13405.0,-26,16,641.36,40.085,1.0,0.0,0.0,0.0,0.0,-2.269373
17773.0,-59,56,585.27,10.45125,0.0,0.0,0.0,0.0,0.0,-2.3813186
14575.0,-32,74,460.71,6.225811,0.0,0.0,0.0,0.0,0.0,-2.3813863
14565.0,-18,33,760.1,23.033333,1.0,0.0,0.0,0.0,0.0,-2.471801
13892.0,-22,9,634.68,70.52,1.0,0.0,0.0,0.0,0.0,-2.5346282
17492.0,-22,27,747.85,27.698149,1.0,0.0,0.0,0.0,0.0,-2.5561037
17753.0,-8,72,390.56,5.4244447,3.0,1.0,3.0,0.0,0.0,-2.6008728
12460.0,-1,17,296.65,17.45,1.0,1.0,8.0,0.0,0.0,-2.6337454
13913.0,-51,3,42.22,14.073334,0.0,0.0,0.0,0.0,0.0,-2.6430917
14166.0,-49,53,256.85,4.846226,0.0,0.0,0.0,0.0,0.0,-2.6822376
16937.0,-43,51,202.1,3.9627452,0.0,0.0,0.0,0.0,0.0,-2.7029173
18123.0,-58,23,95.15,4.1369567,0.0,0.0,0.0,0.0,0.0,-2.7300086
13779.0,-60,27,161.13,5.9677777,0.0,0.0,0.0,0.0,0.0,-2.7664402
14318.0,-4,9,158.02,17.557777,1.0,1.0,8.0,0.0,0.0,-2.834533
12361.0,-6,16,276.35,17.271875,1.0,1.0,2.0,0.0,0.0,-2.8584936
15461.0,-5,2,429.7,214.85,1.0,1.0,1.0,0.0,0.0,-2.9038014
18132.0,-48,66,226.9,3.4378788,0.0,0.0,0.0,0.0,0.0,-3.0929756
16092.0,-49,39,770.08,19.745642,0.0,0.0,0.0,0.0,0.0,-3.113037
16939.0,-33,44,449.0,10.204545,0.0,0.0,0.0,0.0,0.0,-3.1649172
16282.0,-32,22,1139.28,51.785454,0.0,0.0,0.0,0.0,0.0,-3.2121763
14248.0,-4,39,730.37,18.727436,1.0,1.0,14.0,0.0,0.0,-3.2984624
18264.0,-43,36,603.25,16.756945,0.0,0.0,0.0,0.0,0.0,-3.3182352
16396.0,-21,8,137.8,17.225,1.0,0.0,0.0,0.0,0.0,-3.4589612
12859.0,-3,21,575.1,27.385714,1.0,1.0,12.0,0.0,0.0,-3.5378664
17665.0,-38,19,563.1,29.636843,0.0,0.0,0.0,0.0,0.0,-3.6941514
16289.0,-7,21,136.31,6.4909525,1.0,1.0,14.0,0.0,0.0,-3.7111578
13584.0,-43,59,250.05,4.238136,0.0,0.0,0.0,0.0,0.0,-3.7807472
18255.0,0,13,199.85,15.373077,1.0,1.0,7.0,0.0,0.0,-3.8099823
15094.0,-7,5,83.0,16.6,1.0,1.0,2.0,0.0,0.0,-4.2663736
17482.0,-31,54,778.19,14.410926,0.0,0.0,0.0,0.0,0.0,-4.324664
15280.0,-33,45,293.1,6.5133333,0.0,0.0,0.0,0.0,0.0,-4.4014874
15322.0,-21,41,711.18,17.345854,1.0,0.0,0.0,0.0,0.0,-4.4858694
15076.0,-37,31,566.89,18.286774,0.0,0.0,0.0,0.0,0.0,-4.560587
16278.0,-25,32,551.46,17.233126,1.0,0.0,0.0,0.0,0.0,-5.2390194
17649.0,-14,46,710.4,15.443479,2.0,0.0,0.0,0.0,0.0,-5.3836465
14020.0,-21,33,606.21,18.37,1.0,0.0,0.0,0.0,0.0,-5.38991
14435.0,-46,3,90.42,30.14,0.0,0.0,0.0,0.0,0.0,-5.8591933
15784.0,-12,43,848.33,19.728605,1.0,1.0,12.0,0.0,0.0,-7.5708175
14139.0,-35,43,670.98,15.604186,0.0,0.0,0.0,0.0,0.0,-16.25425
14058.0,-7,24,469.19,19.549583,1.0,1.0,3.0,0.0,0.0,-23.17238
14026.0,-15,50,713.11,14.2622,1.0,0.0,0.0,0.0,0.0,-27.695753
15908.0,-35,41,764.57,18.648048,0.0,0.0,0.0,0.0,0.0,-29.78726
16448.0,-15,32,178.98,5.593125,1.0,0.0,0.0,0.0,0.0,-33.94523
17112.0,-47,50,205.17,4.1034,0.0,0.0,0.0,0.0,0.0,-34.98164
14379.0,-24,45,320.76,7.128,1.0,0.0,0.0,1.0,600.05,-35.391937
16417.0,-37,1,35.7,35.7,0.0,0.0,0.0,0.0,0.0,-35.60113
